Cross,Replicate,Mother_strain,Father_strain,Treatment,Block,Gen_1,Gen_2,Gen_3,Gen_4,Gen_5,Gen_6,Gen_7,Gen_8,Gen_9,Gen_10,Gen_11,Gen_12,Gen_13,Gen_14,Gen_15,Gen_16,Gen_17,Gen_18,Gen_19,Gen_20
1,1,P1_UBI_female,P2_UBI_female,Female,1,NO,NO,NO,NA,NA,NA,NA,NA,NA,NA,NA,NA,NA,NA,NA,NA,NA,NA,NA,NA
1,4,P1_UBI_female,P2_UBI_female,Female,1,NO,NO,NO,NA,NA,NA,NA,NA,NA,NA,NA,NA,NA,NA,NA,NA,NA,NA,NA,NA
1,5,P1_UBI_female,P2_UBI_female,Female,1,NO,NO,NO,NO,NA,NA,NA,NA,NA,NA,NA,NA,NA,NA,NA,NA,NA,NA,NA,NA
1,6,P1_UBI_female,P2_UBI_female,Female,1,NO,NO,NO,NO,NO,NO,NO,NO,NO,NO,NO,NO,NA,NA,NA,NA,NA,NA,NA,NA
1,8,P1_UBI_female,P2_UBI_female,Female,1,NO,NO,NO,NO,NA,NA,NA,NA,NA,NA,NA,NA,NA,NA,NA,NA,NA,NA,NA,NA
2,1,P2_UBI_female,P1_UBI_female,Female,1,NO,NO,NO,FEMALE,NA,NA,NA,NA,NA,NA,NA,NA,NA,NA,NA,NA,NA,NA,NA,NA
2,3,P2_UBI_female,P1_UBI_female,Female,1,NO,NO,NO,NO,NO,NA,NA,NA,NA,NA,NA,NA,NA,NA,NA,NA,NA,NA,NA,NA
2,5,P2_UBI_female,P1_UBI_female,Female,1,NO,NO,NO,NO,NO,FEMALE,NA,NA,NA,NA,NA,NA,NA,NA,NA,NA,NA,NA,NA,NA
2,6,P2_UBI_female,P1_UBI_female,Female,1,NO,NO,NO,NO,NO,NO,NA,NA,NA,NA,NA,NA,NA,NA,NA,NA,NA,NA,NA,NA
2,7,P2_UBI_female,P1_UBI_female,Female,1,NO,NO,NA,NA,NA,NA,NA,NA,NA,NA,NA,NA,NA,NA,NA,NA,NA,NA,NA,NA
2,8,P2_UBI_female,P1_UBI_female,Female,1,NO,NO,NO,NO,NO,NO,NO,NO,NO,NA,NA,NA,NA,NA,NA,NA,NA,NA,NA,NA
2,10,P2_UBI_female,P1_UBI_female,Female,1,NO,NO,FEMALE,NA,NA,NA,NA,NA,NA,NA,NA,NA,NA,NA,NA,NA,NA,NA,NA,NA
3,3,P1_UBI_female,P3_3xp_female,Female,1,NO,NO,NO,NO,NO,NO,NA,NA,NA,NA,NA,NA,NA,NA,NA,NA,NA,NA,NA,NA
3,5,P1_UBI_female,P3_3xp_female,Female,1,FEMALE,NO,NO,NO,NA,NA,NA,NA,NA,NA,NA,NA,NA,NA,NA,NA,NA,NA,NA,NA
3,6,P1_UBI_female,P3_3xp_female,Female,1,NO,NO,NA,NA,NA,NA,NA,NA,NA,NA,NA,NA,NA,NA,NA,NA,NA,NA,NA,NA
3,7,P1_UBI_female,P3_3xp_female,Female,1,NO,NO,NO,NO,NO,MALE,NO,NO,NO,NO,NA,NA,NA,NA,NA,NA,NA,NA,NA,NA
3,8,P1_UBI_female,P3_3xp_female,Female,1,NO,NO,NO,NA,NA,NA,NA,NA,NA,NA,NA,NA,NA,NA,NA,NA,NA,NA,NA,NA
3,10,P1_UBI_female,P3_3xp_female,Female,1,NO,NO,NO,NO,NO,NO,NA,NA,NA,NA,NA,NA,NA,NA,NA,NA,NA,NA,NA,NA
4,1,P3_3xp_female,P1_UBI_female,Female,1,NO,NO,NO,NO,NO,NO,NO,NO,NO,NO,NA,NA,NA,NA,NA,NA,NA,NA,NA,NA
4,2,P3_3xp_female,P1_UBI_female,Female,1,NO,NO,NO,NO,NO,NO,NO,NO,NO,NO,NA,NA,NA,NA,NA,NA,NA,NA,NA,NA
4,7,P3_3xp_female,P1_UBI_female,Female,1,NO,NO,NO,NO,NO,NO,NO,NO,NA,NA,NA,NA,NA,NA,NA,NA,NA,NA,NA,NA
4,9,P3_3xp_female,P1_UBI_female,Female,1,NO,NO,NO,NO,NO,NO,NO,NO,NO,NO,NO,NO,NA,NA,NA,NA,NA,NA,NA,NA
5,2,P1_UBI_female,P4_3xp_female,Female,1,NO,NO,NO,NO,NO,NO,NO,NO,NO,NO,NO,NO,NO,NA,NO,NA,NA,NA,NA,NA
5,3,P1_UBI_female,P4_3xp_female,Female,1,NO,NO,NO,NA,NA,NA,NA,NA,NA,NA,NA,NA,NA,NA,NA,NA,NA,NA,NA,NA
5,4,P1_UBI_female,P4_3xp_female,Female,1,NO,NO,NO,NO,NO,NO,NO,NO,NO,NO,FEMALE,NA,NA,NA,NA,NA,NA,NA,NA,NA
5,5,P1_UBI_female,P4_3xp_female,Female,1,NO,NO,NO,NO,NO,NO,NO,NO,NA,NA,NA,NA,NA,NA,NA,NA,NA,NA,NA,NA
5,7,P1_UBI_female,P4_3xp_female,Female,1,NO,NO,NO,NO,NO,NO,NA,NA,NA,NA,NA,NA,NA,NA,NA,NA,NA,NA,NA,NA
6,1,P4_3xp_female,P1_UBI_female,Female,1,NO,NO,NO,NO,NO,NO,NO,NA,NA,NA,NA,NA,NA,NA,NA,NA,NA,NA,NA,NA
6,6,P4_3xp_female,P1_UBI_female,Female,1,NO,NO,NO,NO,NO,NO,NO,NO,NO,NO,NA,NA,NA,NA,NA,NA,NA,NA,NA,NA
6,7,P4_3xp_female,P1_UBI_female,Female,1,NO,NO,NO,NO,NO,NO,NO,NO,NO,NO,NA,NA,NA,NA,NA,NA,NA,NA,NA,NA
6,9,P4_3xp_female,P1_UBI_female,Female,1,NO,NO,NO,NO,NO,NO,NO,NO,NO,NO,NO,NO,NO,NA,NO,NO,NO,NO,NO,NO
6,10,P4_3xp_female,P1_UBI_female,Female,1,NO,NO,NO,NO,NO,NO,NA,NA,NA,NA,NA,NA,NA,NA,NA,NA,NA,NA,NA,NA
7,3,P2_UBI_female,P3_3xp_female,Female,1,NO,NO,NO,NA,NA,NA,NA,NA,NA,NA,NA,NA,NA,NA,NA,NA,NA,NA,NA,NA
7,4,P2_UBI_female,P3_3xp_female,Female,1,NO,NO,NA,NA,NA,NA,NA,NA,NA,NA,NA,NA,NA,NA,NA,NA,NA,NA,NA,NA
7,5,P2_UBI_female,P3_3xp_female,Female,1,NO,NO,NO,NA,NA,NA,NA,NA,NA,NA,NA,NA,NA,NA,NA,NA,NA,NA,NA,NA
7,6,P2_UBI_female,P3_3xp_female,Female,1,NO,NO,NO,NO,NA,NA,NA,NA,NA,NA,NA,NA,NA,NA,NA,NA,NA,NA,NA,NA
7,8,P2_UBI_female,P3_3xp_female,Female,1,NO,NO,NO,NO,NO,NA,NA,NA,NA,NA,NA,NA,NA,NA,NA,NA,NA,NA,NA,NA
8,3,P3_3xp_female,P2_UBI_female,Female,1,NO,NO,NO,NO,NO,NA,NA,NA,NA,NA,NA,NA,NA,NA,NA,NA,NA,NA,NA,NA
8,4,P3_3xp_female,P2_UBI_female,Female,1,NO,NA,NA,NA,NA,NA,NA,NA,NA,NA,NA,NA,NA,NA,NA,NA,NA,NA,NA,NA
8,7,P3_3xp_female,P2_UBI_female,Female,1,NO,NO,NO,NO,NO,NO,NO,NO,NO,NO,NO,NO,FEMALE,NA,NA,NA,NA,NA,NA,NA
8,10,P3_3xp_female,P2_UBI_female,Female,1,NO,NO,NO,NO,NO,NO,NO,NO,NO,NO,NO,NA,NA,NA,NA,NA,NA,NA,NA,NA
9,1,P2_UBI_female,P4_3xp_female,Female,1,NO,NO,NO,NO,NO,NA,NA,NA,NA,NA,NA,NA,NA,NA,NA,NA,NA,NA,NA,NA
9,2,P2_UBI_female,P4_3xp_female,Female,1,NO,NO,NO,NO,NO,NO,NO,NO,NA,NA,NA,NA,NA,NA,NA,NA,NA,NA,NA,NA
9,4,P2_UBI_female,P4_3xp_female,Female,1,NO,NA,NA,NA,NA,NA,NA,NA,NA,NA,NA,NA,NA,NA,NA,NA,NA,NA,NA,NA
9,5,P2_UBI_female,P4_3xp_female,Female,1,NO,NO,NO,NO,NO,NO,NO,NO,NO,NO,NA,NA,NA,NA,NA,NA,NA,NA,NA,NA
9,6,P2_UBI_female,P4_3xp_female,Female,1,NO,NO,NA,NA,NA,NA,NA,NA,NA,NA,NA,NA,NA,NA,NA,NA,NA,NA,NA,NA
10,2,P4_3xp_female,P2_UBI_female,Female,1,NO,NO,NO,NA,NA,NA,NA,NA,NA,NA,NA,NA,NA,NA,NA,NA,NA,NA,NA,NA
10,3,P4_3xp_female,P2_UBI_female,Female,1,NO,NO,NO,NO,NO,NO,NA,NA,NA,NA,NA,NA,NA,NA,NA,NA,NA,NA,NA,NA
10,4,P4_3xp_female,P2_UBI_female,Female,1,NO,FEMALE,NO,NA,NA,NA,NA,NA,NA,NA,NA,NA,NA,NA,NA,NA,NA,NA,NA,NA
10,5,P4_3xp_female,P2_UBI_female,Female,1,NO,NO,NO,NO,NO,NO,NO,NO,NO,NA,NA,NA,NA,NA,NA,NA,NA,NA,NA,NA
10,6,P4_3xp_female,P2_UBI_female,Female,1,NO,NO,NO,FEMALE,NA,NA,NA,NA,NA,NA,NA,NA,NA,NA,NA,NA,NA,NA,NA,NA
11,1,P3_3xp_female,P4_3xp_female,Female,1,NO,NO,NO,NO,NO,NO,NO,NA,NA,NA,NA,NA,NA,NA,NA,NA,NA,NA,NA,NA
11,3,P3_3xp_female,P4_3xp_female,Female,1,NO,NO,NO,NO,FEMALE,NA,NA,NA,NA,NA,NA,NA,NA,NA,NA,NA,NA,NA,NA,NA
11,4,P3_3xp_female,P4_3xp_female,Female,1,NO,NO,NO,NO,NO,NA,NA,NA,NA,NA,NA,NA,NA,NA,NA,NA,NA,NA,NA,NA
11,5,P3_3xp_female,P4_3xp_female,Female,1,NO,NO,NO,NO,NO,NO,NO,NO,NO,NO,NA,NA,NA,NA,NA,NA,NA,NA,NA,NA
11,7,P3_3xp_female,P4_3xp_female,Female,1,NO,NO,NO,NA,NA,NA,NA,NA,NA,NA,NA,NA,NA,NA,NA,NA,NA,NA,NA,NA
12,6,P4_3xp_female,P3_3xp_female,Female,1,NO,NO,NO,NO,NO,NO,NO,NO,NO,NO,NA,NA,NA,NA,NA,NA,NA,NA,NA,NA
12,7,P4_3xp_female,P3_3xp_female,Female,1,NO,NO,NO,NO,NO,NO,MALE,FEMALE,NA,NA,NA,NA,NA,NA,NA,NA,NA,NA,NA,NA
12,8,P4_3xp_female,P3_3xp_female,Female,1,NO,NO,NO,NA,NA,NA,NA,NA,NA,NA,NA,NA,NA,NA,NA,NA,NA,NA,NA,NA
12,9,P4_3xp_female,P3_3xp_female,Female,1,NO,NO,NO,NO,NO,NO,NO,NO,NO,NO,NO,NO,NO,NA,NO,NO,NO,NO,NO,NO
13,1,P1_3xp_male,P2_3xp_male,Male,1,NO,NO,NO,NO,NO,MALE,NO,NO,NO,NO,NO,NO,NO,NA,NO,NO,NO,NO,NO,NO
13,2,P1_3xp_male,P2_3xp_male,Male,1,NO,NO,NO,NA,NA,NA,NA,NA,NA,NA,NA,NA,NA,NA,NA,NA,NA,NA,NA,NA
13,4,P1_3xp_male,P2_3xp_male,Male,1,NO,NO,NA,NA,NA,NA,NA,NA,NA,NA,NA,NA,NA,NA,NA,NA,NA,NA,NA,NA
13,5,P1_3xp_male,P2_3xp_male,Male,1,NO,NO,NO,NO,NO,NO,NO,NO,NA,NA,NA,NA,NA,NA,NA,NA,NA,NA,NA,NA
14,2,P2_3xp_male,P1_3xp_male,Male,1,NO,NO,NO,NO,NO,NO,NO,NO,NO,NO,NO,NA,NA,NA,NA,NA,NA,NA,NA,NA
14,3,P2_3xp_male,P1_3xp_male,Male,1,NO,NO,NO,NO,NO,NO,NO,NO,NO,NO,NO,NO,NO,NA,NO,NO,NO,NO,NO,NO
14,5,P2_3xp_male,P1_3xp_male,Male,1,NO,NO,NO,NO,NO,NO,NO,NO,NO,NO,NO,NO,NO,NA,NA,NA,NA,NA,NA,NA
14,6,P2_3xp_male,P1_3xp_male,Male,1,NO,NO,NO,NO,NA,NA,NA,NA,NA,NA,NA,NA,NA,NA,NA,NA,NA,NA,NA,NA
14,7,P2_3xp_male,P1_3xp_male,Male,1,NO,NO,NO,NA,NA,NA,NA,NA,NA,NA,NA,NA,NA,NA,NA,NA,NA,NA,NA,NA
15,1,P1_3xp_male,P3_UBI_male,Male,1,NO,NO,NO,NO,NO,NO,NO,NO,NO,NO,NA,NA,NA,NA,NA,NA,NA,NA,NA,NA
15,2,P1_3xp_male,P3_UBI_male,Male,1,NO,NO,NO,NA,NA,NA,NA,NA,NA,NA,NA,NA,NA,NA,NA,NA,NA,NA,NA,NA
15,3,P1_3xp_male,P3_UBI_male,Male,1,NO,NO,NO,NO,NO,NO,NO,NO,NO,NO,NO,NO,NO,NA,NO,NO,NO,NA,NA,NA
15,4,P1_3xp_male,P3_UBI_male,Male,1,NO,NO,FEMALE,NA,NA,NA,NA,NA,NA,NA,NA,NA,NA,NA,NA,NA,NA,NA,NA,NA
15,5,P1_3xp_male,P3_UBI_male,Male,1,NO,NO,NO,FEMALE,FEMALE,NA,NA,NA,NA,NA,NA,NA,NA,NA,NA,NA,NA,NA,NA,NA
16,1,P3_UBI_male,P1_3xp_male,Male,1,NO,NO,NO,NO,NA,NA,NA,NA,NA,NA,NA,NA,NA,NA,NA,NA,NA,NA,NA,NA
16,2,P3_UBI_male,P1_3xp_male,Male,1,NO,NO,NO,NO,NO,NO,NO,NO,NO,NO,NO,NA,NA,NA,NA,NA,NA,NA,NA,NA
16,3,P3_UBI_male,P1_3xp_male,Male,1,NO,NO,NO,NO,NO,NO,NO,NO,FEMALE,NA,NA,NA,NA,NA,NA,NA,NA,NA,NA,NA
16,4,P3_UBI_male,P1_3xp_male,Male,1,NO,NO,NO,FEMALE,NA,NA,NA,NA,NA,NA,NA,NA,NA,NA,NA,NA,NA,NA,NA,NA
16,5,P3_UBI_male,P1_3xp_male,Male,1,MALE,NO,NO,NO,NO,NO,NO,NO,FEMALE,NO,NO,NO,NA,NA,NA,NA,NA,NA,NA,NA
16,7,P3_UBI_male,P1_3xp_male,Male,1,NO,NO,NO,NO,NO,NO,NO,NO,NA,NA,NA,NA,NA,NA,NA,NA,NA,NA,NA,NA
17,1,P1_3xp_male,P4_UBI_male,Male,1,NO,NO,FEMALE,NA,NA,NA,NA,NA,NA,NA,NA,NA,NA,NA,NA,NA,NA,NA,NA,NA
17,3,P1_3xp_male,P4_UBI_male,Male,1,NO,NO,NO,NO,NO,NO,NO,NO,NO,NO,NO,NO,NO,NA,NA,NA,NA,NA,NA,NA
17,4,P1_3xp_male,P4_UBI_male,Male,1,NO,NO,NO,NO,NO,FEMALE,NA,NA,NA,NA,NA,NA,NA,NA,NA,NA,NA,NA,NA,NA
17,5,P1_3xp_male,P4_UBI_male,Male,1,NO,MALE,NO,NO,NO,NO,NO,NA,NA,NA,NA,NA,NA,NA,NA,NA,NA,NA,NA,NA
17,6,P1_3xp_male,P4_UBI_male,Male,1,MALE,NA,NA,NA,NA,NA,NA,NA,NA,NA,NA,NA,NA,NA,NA,NA,NA,NA,NA,NA
18,2,P4_UBI_male,P1_3xp_male,Male,1,NO,NO,NO,FEMALE,NO,NO,NO,FEMALE,NO,NO,FEMALE,NO,NA,NA,NA,NA,NA,NA,NA,NA
18,3,P4_UBI_male,P1_3xp_male,Male,1,NO,NO,NO,NO,FEMALE,NO,NO,FEMALE,NA,NA,NA,NA,NA,NA,NA,NA,NA,NA,NA,NA
18,4,P4_UBI_male,P1_3xp_male,Male,1,NO,NO,NO,NA,NA,NA,NA,NA,NA,NA,NA,NA,NA,NA,NA,NA,NA,NA,NA,NA
18,6,P4_UBI_male,P1_3xp_male,Male,1,NO,NO,NO,NO,NO,FEMALE,NA,NA,NA,NA,NA,NA,NA,NA,NA,NA,NA,NA,NA,NA
18,7,P4_UBI_male,P1_3xp_male,Male,1,NO,NO,NO,NO,NO,NO,NO,NO,NO,NO,NA,NA,NA,NA,NA,NA,NA,NA,NA,NA
19,1,P2_3xp_male,P3_UBI_male,Male,1,NO,NO,NO,NO,NO,NO,NO,NO,NO,NO,NO,NO,NO,NA,NO,NO,NO,NO,NA,NA
19,3,P2_3xp_male,P3_UBI_male,Male,1,NO,NO,NO,NO,NO,NO,NO,NO,NO,NO,NA,NA,NA,NA,NA,NA,NA,NA,NA,NA
19,5,P2_3xp_male,P3_UBI_male,Male,1,NO,NO,NO,NO,NO,NO,NO,NO,NO,NO,NO,NA,NA,NA,NA,NA,NA,NA,NA,NA
19,6,P2_3xp_male,P3_UBI_male,Male,1,NO,NO,NO,NO,NO,NO,NO,NO,NO,NO,NA,NA,NA,NA,NA,NA,NA,NA,NA,NA
19,8,P2_3xp_male,P3_UBI_male,Male,1,NO,NO,NO,NO,NO,NO,NO,NO,NO,NA,NA,NA,NA,NA,NA,NA,NA,NA,NA,NA
20,2,P3_UBI_male,P2_3xp_male,Male,1,NO,NO,NO,NA,NA,NA,NA,NA,NA,NA,NA,NA,NA,NA,NA,NA,NA,NA,NA,NA
20,4,P3_UBI_male,P2_3xp_male,Male,1,NO,NO,NA,NA,NA,NA,NA,NA,NA,NA,NA,NA,NA,NA,NA,NA,NA,NA,NA,NA
20,5,P3_UBI_male,P2_3xp_male,Male,1,NO,NO,NO,NO,NO,NA,NA,NA,NA,NA,NA,NA,NA,NA,NA,NA,NA,NA,NA,NA
20,6,P3_UBI_male,P2_3xp_male,Male,1,NO,NO,FEMALE,NO,NO,FEMALE,NO,NO,NO,NO,NA,NA,NA,NA,NA,NA,NA,NA,NA,NA
20,7,P3_UBI_male,P2_3xp_male,Male,1,NO,NA,NA,NA,NA,NA,NA,NA,NA,NA,NA,NA,NA,NA,NA,NA,NA,NA,NA,NA
21,1,P2_3xp_male,P4_UBI_male,Male,1,NO,NO,NO,NO,NO,NO,NO,NO,NO,NO,NA,NA,NA,NA,NA,NA,NA,NA,NA,NA
21,2,P2_3xp_male,P4_UBI_male,Male,1,NO,NO,NO,NA,NA,NA,NA,NA,NA,NA,NA,NA,NA,NA,NA,NA,NA,NA,NA,NA
21,3,P2_3xp_male,P4_UBI_male,Male,1,NO,NO,NO,NO,NO,NO,NO,NO,NO,NO,NO,NO,FEMALE,NA,NA,NA,NA,NA,NA,NA
21,5,P2_3xp_male,P4_UBI_male,Male,1,NO,NO,NO,NO,NO,NO,NO,NA,NA,NA,NA,NA,NA,NA,NA,NA,NA,NA,NA,NA
21,7,P2_3xp_male,P4_UBI_male,Male,1,NO,NO,NO,NO,NA,NA,NA,NA,NA,NA,NA,NA,NA,NA,NA,NA,NA,NA,NA,NA
22,3,P4_UBI_male,P2_3xp_male,Male,1,NO,NO,NO,NO,NO,NA,NA,NA,NA,NA,NA,NA,NA,NA,NA,NA,NA,NA,NA,NA
22,6,P4_UBI_male,P2_3xp_male,Male,1,NO,NO,NO,NO,NO,NO,NO,NO,NO,NO,NO,NO,NO,NA,NA,NA,NA,NA,NA,NA
22,8,P4_UBI_male,P2_3xp_male,Male,1,NO,NO,NO,NO,NA,NA,NA,NA,NA,NA,NA,NA,NA,NA,NA,NA,NA,NA,NA,NA
22,9,P4_UBI_male,P2_3xp_male,Male,1,NO,NO,NO,NO,NO,NO,NO,NO,NO,NA,NA,NA,NA,NA,NA,NA,NA,NA,NA,NA
23,1,P3_UBI_male,P4_UBI_male,Male,1,NO,NO,NO,NO,NO,NO,NO,NO,NO,NO,NO,NO,NA,NA,NA,NA,NA,NA,NA,NA
23,2,P3_UBI_male,P4_UBI_male,Male,1,NO,NO,NO,NO,NO,NO,NO,NO,NO,NO,NA,NA,NA,NA,NA,NA,NA,NA,NA,NA
23,3,P3_UBI_male,P4_UBI_male,Male,1,NO,NO,NO,NO,NO,NO,NO,NO,NO,NA,NA,NA,NA,NA,NA,NA,NA,NA,NA,NA
23,4,P3_UBI_male,P4_UBI_male,Male,1,NO,NO,NO,NO,NO,NO,NO,NA,NA,NA,NA,NA,NA,NA,NA,NA,NA,NA,NA,NA
23,5,P3_UBI_male,P4_UBI_male,Male,1,NO,NO,NO,NO,NO,NO,NO,NO,NA,NA,NA,NA,NA,NA,NA,NA,NA,NA,NA,NA
24,1,P4_UBI_male,P3_UBI_male,Male,1,NO,FEMALE,NA,NA,NA,NA,NA,NA,NA,NA,NA,NA,NA,NA,NA,NA,NA,NA,NA,NA
24,2,P4_UBI_male,P3_UBI_male,Male,1,NO,NO,NO,NO,NO,FEMALE,NO,NO,NO,NO,NA,NA,NA,NA,NA,NA,NA,NA,NA,NA
24,4,P4_UBI_male,P3_UBI_male,Male,1,NO,NO,NO,NA,NA,NA,NA,NA,NA,NA,NA,NA,NA,NA,NA,NA,NA,NA,NA,NA
24,6,P4_UBI_male,P3_UBI_male,Male,1,NO,NO,NO,NO,NO,NO,FEMALE,NA,NA,NA,NA,NA,NA,NA,NA,NA,NA,NA,NA,NA
24,8,P4_UBI_male,P3_UBI_male,Male,1,NA,NA,NA,NA,NA,NA,NA,NA,NA,NA,NA,NA,NA,NA,NA,NA,NA,NA,NA,NA
25,1,P5,P6,Control,1,NO,NO,NO,NO,NO,NO,NO,NA,NA,NA,NA,NA,NA,NA,NA,NA,NA,NA,NA,NA
25,3,P5,P6,Control,1,NO,NO,NO,NO,NO,NO,NO,NO,NA,NA,NA,NA,NA,NA,NA,NA,NA,NA,NA,NA
25,4,P5,P6,Control,1,NO,NA,NA,NA,NA,NA,NA,NA,NA,NA,NA,NA,NA,NA,NA,NA,NA,NA,NA,NA
25,5,P5,P6,Control,1,NO,NO,NO,NA,NA,NA,NA,NA,NA,NA,NA,NA,NA,NA,NA,NA,NA,NA,NA,NA
25,6,P5,P6,Control,1,NO,NO,FEMALE,NO,NA,NA,NA,NA,NA,NA,NA,NA,NA,NA,NA,NA,NA,NA,NA,NA
26,2,P6,P5,Control,1,NO,NO,NO,NO,FEMALE,NA,NA,NA,NA,NA,NA,NA,NA,NA,NA,NA,NA,NA,NA,NA
26,6,P6,P5,Control,1,NO,NO,NO,NO,NA,NA,NA,NA,NA,NA,NA,NA,NA,NA,NA,NA,NA,NA,NA,NA
26,8,P6,P5,Control,1,NO,NO,NA,NA,NA,NA,NA,NA,NA,NA,NA,NA,NA,NA,NA,NA,NA,NA,NA,NA
26,9,P6,P5,Control,1,NO,NO,NO,NO,NO,NO,NA,NA,NA,NA,NA,NA,NA,NA,NA,NA,NA,NA,NA,NA
26,10,P6,P5,Control,1,NO,NO,NO,NO,NO,FEMALE,NA,NA,NA,NA,NA,NA,NA,NA,NA,NA,NA,NA,NA,NA
27,2,P5,P7,Control,1,NO,NO,NA,NA,NA,NA,NA,NA,NA,NA,NA,NA,NA,NA,NA,NA,NA,NA,NA,NA
27,3,P5,P7,Control,1,NO,FEMALE,NA,NA,NA,NA,NA,NA,NA,NA,NA,NA,NA,NA,NA,NA,NA,NA,NA,NA
27,4,P5,P7,Control,1,NO,NO,NO,NO,FEMALE,NO,FEMALE,NA,NA,NA,NA,NA,NA,NA,NA,NA,NA,NA,NA,NA
27,5,P5,P7,Control,1,NO,NO,NO,NO,NO,NO,NO,NO,NO,NA,NA,NA,NA,NA,NA,NA,NA,NA,NA,NA
27,6,P5,P7,Control,1,NO,NO,NO,NO,NO,NO,NO,NO,NA,NA,NA,NA,NA,NA,NA,NA,NA,NA,NA,NA
28,1,P7,P5,Control,1,NO,NO,NO,FEMALE,NA,NA,NA,NA,NA,NA,NA,NA,NA,NA,NA,NA,NA,NA,NA,NA
28,2,P7,P5,Control,1,NO,NO,NO,NO,NO,NO,NO,NO,NO,NO,NO,NO,NO,NA,NO,NO,NO,NO,NO,NO
28,4,P7,P5,Control,1,NO,NO,NO,NO,NO,MALE,NA,NA,NA,NA,NA,NA,NA,NA,NA,NA,NA,NA,NA,NA
28,5,P7,P5,Control,1,NO,NO,NO,FEMALE,NO,NO,NO,NA,NA,NA,NA,NA,NA,NA,NA,NA,NA,NA,NA,NA
28,6,P7,P5,Control,1,NO,NO,NO,NO,NO,NO,NO,NO,NO,NO,NO,NO,NO,NA,NO,NO,NO,NO,FEMALE,NA
29,1,P5,P8,Control,1,NO,NO,NO,NO,NA,NA,NA,NA,NA,NA,NA,NA,NA,NA,NA,NA,NA,NA,NA,NA
29,3,P5,P8,Control,1,NO,NO,NO,NO,NO,NO,NO,NO,NO,NO,NA,NA,NA,NA,NA,NA,NA,NA,NA,NA
29,4,P5,P8,Control,1,NO,NO,NO,NO,NO,NO,NA,NA,NA,NA,NA,NA,NA,NA,NA,NA,NA,NA,NA,NA
29,5,P5,P8,Control,1,NO,NO,NO,NO,NO,NO,NA,NA,NA,NA,NA,NA,NA,NA,NA,NA,NA,NA,NA,NA
29,7,P5,P8,Control,1,NO,NO,NO,NO,NO,FEMALE,NA,NA,NA,NA,NA,NA,NA,NA,NA,NA,NA,NA,NA,NA
30,1,P8,P5,Control,1,NO,NO,FEMALE,NO,NO,NO,NO,NO,NO,NO,NO,NO,NA,NA,NA,NA,NA,NA,NA,NA
30,3,P8,P5,Control,1,NO,NO,NO,NO,NA,NA,NA,NA,NA,NA,NA,NA,NA,NA,NA,NA,NA,NA,NA,NA
30,4,P8,P5,Control,1,NO,NO,NO,NO,NO,NO,NA,NA,NA,NA,NA,NA,NA,NA,NA,NA,NA,NA,NA,NA
30,6,P8,P5,Control,1,NO,NO,NA,NA,NA,NA,NA,NA,NA,NA,NA,NA,NA,NA,NA,NA,NA,NA,NA,NA
30,7,P8,P5,Control,1,NO,NO,NO,NO,NO,NO,NO,NO,NO,NO,NA,NA,NA,NA,NA,NA,NA,NA,NA,NA
31,4,P6,P7,Control,1,NO,NO,NO,NO,NA,NA,NA,NA,NA,NA,NA,NA,NA,NA,NA,NA,NA,NA,NA,NA
31,5,P6,P7,Control,1,NO,NO,NO,NO,NO,NO,NA,NA,NA,NA,NA,NA,NA,NA,NA,NA,NA,NA,NA,NA
31,6,P6,P7,Control,1,NO,NO,NO,NO,NO,NO,NO,NO,NO,NO,NA,NA,NA,NA,NA,NA,NA,NA,NA,NA
31,7,P6,P7,Control,1,NO,NO,NO,NA,NA,NA,NA,NA,NA,NA,NA,NA,NA,NA,NA,NA,NA,NA,NA,NA
31,8,P6,P7,Control,1,NO,NO,NO,NO,NO,NO,NO,NO,NO,NO,NA,NA,NA,NA,NA,NA,NA,NA,NA,NA
32,2,P7,P6,Control,1,NO,NO,NA,NA,NA,NA,NA,NA,NA,NA,NA,NA,NA,NA,NA,NA,NA,NA,NA,NA
32,3,P7,P6,Control,1,NO,NO,FEMALE,NO,NO,NO,NO,NO,NA,NA,NA,NA,NA,NA,NA,NA,NA,NA,NA,NA
32,4,P7,P6,Control,1,NO,NO,NO,NO,NO,NO,NO,NO,NA,NA,NA,NA,NA,NA,NA,NA,NA,NA,NA,NA
32,5,P7,P6,Control,1,NO,NO,NO,NO,NA,NA,NA,NA,NA,NA,NA,NA,NA,NA,NA,NA,NA,NA,NA,NA
32,6,P7,P6,Control,1,NO,NO,NO,NO,NO,NO,NO,NO,NO,NO,FEMALE,NA,NA,NA,NA,NA,NA,NA,NA,NA
33,4,P6,P8,Control,1,NO,FEMALE,NA,NA,NA,NA,NA,NA,NA,NA,NA,NA,NA,NA,NA,NA,NA,NA,NA,NA
33,5,P6,P8,Control,1,NO,NO,NO,NA,NA,NA,NA,NA,NA,NA,NA,NA,NA,NA,NA,NA,NA,NA,NA,NA
33,7,P6,P8,Control,1,FEMALE,NO,NO,NO,NA,NA,NA,NA,NA,NA,NA,NA,NA,NA,NA,NA,NA,NA,NA,NA
33,8,P6,P8,Control,1,NO,FEMALE,NA,NA,NA,NA,NA,NA,NA,NA,NA,NA,NA,NA,NA,NA,NA,NA,NA,NA
34,1,P8,P6,Control,1,NO,NO,NO,NA,NA,NA,NA,NA,NA,NA,NA,NA,NA,NA,NA,NA,NA,NA,NA,NA
34,2,P8,P6,Control,1,NO,NO,NO,NO,NO,NO,NO,NA,NA,NA,NA,NA,NA,NA,NA,NA,NA,NA,NA,NA
34,3,P8,P6,Control,1,NO,NO,NA,NA,NA,NA,NA,NA,NA,NA,NA,NA,NA,NA,NA,NA,NA,NA,NA,NA
34,5,P8,P6,Control,1,NO,NO,NO,NO,NA,NA,NA,NA,NA,NA,NA,NA,NA,NA,NA,NA,NA,NA,NA,NA
34,6,P8,P6,Control,1,NO,NO,NA,NA,NA,NA,NA,NA,NA,NA,NA,NA,NA,NA,NA,NA,NA,NA,NA,NA
35,1,P7,P8,Control,1,NO,NO,NO,FEMALE,NO,NO,NO,NO,NO,NO,NO,NO,NA,NA,NA,NA,NA,NA,NA,NA
35,2,P7,P8,Control,1,NO,NO,NO,FEMALE,NA,NA,NA,NA,NA,NA,NA,NA,NA,NA,NA,NA,NA,NA,NA,NA
35,3,P7,P8,Control,1,NO,NO,NO,NA,NA,NA,NA,NA,NA,NA,NA,NA,NA,NA,NA,NA,NA,NA,NA,NA
35,4,P7,P8,Control,1,NO,NO,NO,NO,NO,NA,NA,NA,NA,NA,NA,NA,NA,NA,NA,NA,NA,NA,NA,NA
35,5,P7,P8,Control,1,NO,NO,NO,NO,NO,NO,NO,NO,NO,NO,NO,NA,NA,NA,NA,NA,NA,NA,NA,NA
36,1,P8,P7,Control,1,NO,NO,NO,NO,NO,NO,NO,NO,NO,NA,NA,NA,NA,NA,NA,NA,NA,NA,NA,NA
36,2,P8,P7,Control,1,NO,NO,NO,NO,NO,NO,NO,NO,NA,NA,NA,NA,NA,NA,NA,NA,NA,NA,NA,NA
36,3,P8,P7,Control,1,NO,FEMALE,NO,BOTH,NA,NA,NA,NA,NA,NA,NA,NA,NA,NA,NA,NA,NA,NA,NA,NA
36,4,P8,P7,Control,1,NO,NO,NO,NO,NO,NO,NO,NO,NO,NA,NA,NA,NA,NA,NA,NA,NA,NA,NA,NA
36,5,P8,P7,Control,1,NO,NO,NO,NO,NA,NA,NA,NA,NA,NA,NA,NA,NA,NA,NA,NA,NA,NA,NA,NA
1,11,P1_UBI_female,P2_UBI_female,Female,2,NO,NO,NO,NA,NA,NA,NA,NA,NA,NA,NA,NA,NA,NA,NA,NA,NA,NA,NA,NA
1,13,P1_UBI_female,P2_UBI_female,Female,2,NO,NO,NO,NA,NO,NO,NO,NO,NO,NO,NO,NO,NO,NO,NO,NO,NO,NO,NO,NO
1,14,P1_UBI_female,P2_UBI_female,Female,2,NO,NO,NO,NA,NO,NO,NO,NO,NO,NA,NA,NA,NA,NA,NA,NA,NA,NA,NA,NA
1,15,P1_UBI_female,P2_UBI_female,Female,2,NO,NO,NO,NA,NO,NA,NA,NA,NA,NA,NA,NA,NA,NA,NA,NA,NA,NA,NA,NA
1,17,P1_UBI_female,P2_UBI_female,Female,2,NO,FEMALE,NA,NA,NA,NA,NA,NA,NA,NA,NA,NA,NA,NA,NA,NA,NA,NA,NA,NA
1,18,P1_UBI_female,P2_UBI_female,Female,2,NO,NO,NO,NA,NO,NO,NO,NO,NO,NO,NO,NO,NO,NO,NO,NO,NO,NO,NO,NO
1,19,P1_UBI_female,P2_UBI_female,Female,2,NO,NO,NO,NA,NO,NA,NA,NA,NA,NA,NA,NA,NA,NA,NA,NA,NA,NA,NA,NA
2,11,P2_UBI_female,P1_UBI_female,Female,2,NO,NO,NO,NA,NO,NO,NO,NO,NO,NA,NA,NA,NA,NA,NA,NA,NA,NA,NA,NA
2,12,P2_UBI_female,P1_UBI_female,Female,2,NO,NO,NO,NA,NO,NA,NA,NA,NA,NA,NA,NA,NA,NA,NA,NA,NA,NA,NA,NA
2,13,P2_UBI_female,P1_UBI_female,Female,2,NO,NO,NO,NA,NO,NO,NO,NO,NA,NA,NA,NA,NA,NA,NA,NA,NA,NA,NA,NA
2,14,P2_UBI_female,P1_UBI_female,Female,2,NO,NO,NO,NA,NA,NA,NA,NA,NA,NA,NA,NA,NA,NA,NA,NA,NA,NA,NA,NA
2,15,P2_UBI_female,P1_UBI_female,Female,2,NO,NO,NO,NA,NO,NO,NO,NA,NA,NA,NA,NA,NA,NA,NA,NA,NA,NA,NA,NA
2,16,P2_UBI_female,P1_UBI_female,Female,2,NO,NO,NO,NA,NA,NA,NA,NA,NA,NA,NA,NA,NA,NA,NA,NA,NA,NA,NA,NA
2,21,P2_UBI_female,P1_UBI_female,Female,2,NO,NO,NO,NA,NO,NO,NO,NO,NA,NA,NA,NA,NA,NA,NA,NA,NA,NA,NA,NA
3,11,P1_UBI_female,P3_3xp_female,Female,2,NO,NO,NO,NA,NO,NO,NO,NA,NA,NA,NA,NA,NA,NA,NA,NA,NA,NA,NA,NA
3,12,P1_UBI_female,P3_3xp_female,Female,2,NO,NO,NO,NA,NO,NO,NO,NO,NO,NO,NO,NO,NA,NA,NA,NA,NA,NA,NA,NA
3,13,P1_UBI_female,P3_3xp_female,Female,2,NO,NO,NO,NA,NO,NO,FEMALE,NA,NA,NA,NA,NA,NA,NA,NA,NA,NA,NA,NA,NA
3,14,P1_UBI_female,P3_3xp_female,Female,2,NO,NO,NO,NA,FEMALE,NA,NA,NA,NA,NA,NA,NA,NA,NA,NA,NA,NA,NA,NA,NA
3,16,P1_UBI_female,P3_3xp_female,Female,2,NO,NO,NO,NA,NO,NO,NO,NO,NO,NO,NO,NO,NO,FEMALE,NO,NO,NO,NO,NO,NO
3,17,P1_UBI_female,P3_3xp_female,Female,2,NO,NO,NA,NA,NA,NA,NA,NA,NA,NA,NA,NA,NA,NA,NA,NA,NA,NA,NA,NA
3,19,P1_UBI_female,P3_3xp_female,Female,2,NO,NO,NO,NA,NO,NO,NO,NO,NO,NO,FEMALE,NA,NA,NA,NA,NA,NA,NA,NA,NA
4,11,P3_3xp_female,P1_UBI_female,Female,2,NO,NO,NO,NA,NO,NO,NO,NO,NO,NO,NO,NO,NO,FEMALE,NA,NA,NA,NA,NA,NA
4,12,P3_3xp_female,P1_UBI_female,Female,2,NO,NA,NA,NA,NA,NA,NA,NA,NA,NA,NA,NA,NA,NA,NA,NA,NA,NA,NA,NA
4,16,P3_3xp_female,P1_UBI_female,Female,2,NO,NO,NO,NA,NO,NA,NA,NA,NA,NA,NA,NA,NA,NA,NA,NA,NA,NA,NA,NA
4,17,P3_3xp_female,P1_UBI_female,Female,2,NO,NO,NO,NA,NO,NA,NA,NA,NA,NA,NA,NA,NA,NA,NA,NA,NA,NA,NA,NA
4,19,P3_3xp_female,P1_UBI_female,Female,2,NO,NA,NA,NA,NA,NA,NA,NA,NA,NA,NA,NA,NA,NA,NA,NA,NA,NA,NA,NA
4,20,P3_3xp_female,P1_UBI_female,Female,2,NO,NO,NO,NA,NO,NA,NA,NA,NA,NA,NA,NA,NA,NA,NA,NA,NA,NA,NA,NA
4,21,P3_3xp_female,P1_UBI_female,Female,2,NO,NO,NO,NA,NA,NA,NA,NA,NA,NA,NA,NA,NA,NA,NA,NA,NA,NA,NA,NA
5,13,P1_UBI_female,P4_3xp_female,Female,2,NO,NA,NA,NA,NA,NA,NA,NA,NA,NA,NA,NA,NA,NA,NA,NA,NA,NA,NA,NA
5,14,P1_UBI_female,P4_3xp_female,Female,2,NO,NA,NA,NA,NA,NA,NA,NA,NA,NA,NA,NA,NA,NA,NA,NA,NA,NA,NA,NA
5,15,P1_UBI_female,P4_3xp_female,Female,2,NO,NO,NO,NA,NO,NO,NO,NO,NO,NO,NO,NO,NO,NO,NO,NA,NA,NA,NA,NA
5,17,P1_UBI_female,P4_3xp_female,Female,2,NO,NO,NO,NA,NA,NA,NA,NA,NA,NA,NA,NA,NA,NA,NA,NA,NA,NA,NA,NA
5,18,P1_UBI_female,P4_3xp_female,Female,2,NO,NO,NO,NA,FEMALE,NO,NO,NO,NO,NO,NA,NA,NA,NA,NA,NA,NA,NA,NA,NA
5,19,P1_UBI_female,P4_3xp_female,Female,2,NO,NO,NO,NA,NO,NO,NO,NO,NO,NO,NO,NO,NO,NA,NA,NA,NA,NA,NA,NA
5,20,P1_UBI_female,P4_3xp_female,Female,2,NO,NO,NO,NA,NO,NO,NO,NO,FEMALE,NA,NA,NA,NA,NA,NA,NA,NA,NA,NA,NA
6,11,P4_3xp_female,P1_UBI_female,Female,2,NO,NO,NO,NA,NO,NO,NO,NO,NO,FEMALE,NO,NO,FEMALE,FEMALE,NA,NA,NA,NA,NA,NA
6,12,P4_3xp_female,P1_UBI_female,Female,2,NO,NO,NO,NA,NO,NO,NO,NO,NO,NO,NO,NO,NO,NO,NA,NA,NA,NA,NA,NA
6,13,P4_3xp_female,P1_UBI_female,Female,2,NO,NA,NA,NA,NA,NA,NA,NA,NA,NA,NA,NA,NA,NA,NA,NA,NA,NA,NA,NA
6,14,P4_3xp_female,P1_UBI_female,Female,2,NO,NO,NO,NA,NO,NO,NO,NO,NO,NO,FEMALE,MALE,NO,NO,NO,NO,NA,NA,NA,NA
6,15,P4_3xp_female,P1_UBI_female,Female,2,NO,NO,NO,NA,NA,NA,NA,NA,NA,NA,NA,NA,NA,NA,NA,NA,NA,NA,NA,NA
6,19,P4_3xp_female,P1_UBI_female,Female,2,NO,NO,NO,NA,NO,NO,NO,NO,NA,NA,NA,NA,NA,NA,NA,NA,NA,NA,NA,NA
6,22,P4_3xp_female,P1_UBI_female,Female,2,NO,NO,NO,NA,NO,NO,NO,NO,NO,FEMALE,NO,NO,NO,FEMALE,NO,NA,NA,NA,NA,NA
7,11,P2_UBI_female,P3_3xp_female,Female,2,NO,NO,NO,NA,NO,NO,NO,NO,NA,NA,NA,NA,NA,NA,NA,NA,NA,NA,NA,NA
7,13,P2_UBI_female,P3_3xp_female,Female,2,NO,NO,NO,NA,NA,NA,NA,NA,NA,NA,NA,NA,NA,NA,NA,NA,NA,NA,NA,NA
7,14,P2_UBI_female,P3_3xp_female,Female,2,NO,NO,FEMALE,NA,NO,NO,NO,NO,NO,NA,NA,NA,NA,NA,NA,NA,NA,NA,NA,NA
7,17,P2_UBI_female,P3_3xp_female,Female,2,NO,NO,NO,NA,FEMALE,NA,NA,NA,NA,NA,NA,NA,NA,NA,NA,NA,NA,NA,NA,NA
7,18,P2_UBI_female,P3_3xp_female,Female,2,NO,NA,NA,NA,NA,NA,NA,NA,NA,NA,NA,NA,NA,NA,NA,NA,NA,NA,NA,NA
7,20,P2_UBI_female,P3_3xp_female,Female,2,FEMALE,NO,NO,NA,NO,NO,NA,NA,NA,NA,NA,NA,NA,NA,NA,NA,NA,NA,NA,NA
8,11,P3_3xp_female,P2_UBI_female,Female,2,NO,NO,NO,NA,NA,NA,NA,NA,NA,NA,NA,NA,NA,NA,NA,NA,NA,NA,NA,NA
8,12,P3_3xp_female,P2_UBI_female,Female,2,NO,NO,NO,NA,NO,NA,NA,NA,NA,NA,NA,NA,NA,NA,NA,NA,NA,NA,NA,NA
8,13,P3_3xp_female,P2_UBI_female,Female,2,NO,NO,NO,NA,NO,NO,NO,NO,NO,NO,NO,NO,NO,NO,NO,NO,NO,NO,NO,NO
8,14,P3_3xp_female,P2_UBI_female,Female,2,NO,NO,NO,NA,NO,NO,NO,NO,NO,NO,NO,NO,NO,MALE,NA,NA,NA,NA,NA,NA
8,15,P3_3xp_female,P2_UBI_female,Female,2,NO,NO,NO,NA,NO,NA,NA,NA,NA,NA,NA,NA,NA,NA,NA,NA,NA,NA,NA,NA
8,16,P3_3xp_female,P2_UBI_female,Female,2,NO,NO,FEMALE,NA,NA,NA,NA,NA,NA,NA,NA,NA,NA,NA,NA,NA,NA,NA,NA,NA
8,19,P3_3xp_female,P2_UBI_female,Female,2,NO,NO,NO,NA,NO,NO,NO,NO,NO,NA,NA,NA,NA,NA,NA,NA,NA,NA,NA,NA
9,11,P2_UBI_female,P4_3xp_female,Female,2,NO,NO,NO,NA,NO,NO,NO,NO,NO,NO,NA,NA,NA,NA,NA,NA,NA,NA,NA,NA
9,12,P2_UBI_female,P4_3xp_female,Female,2,NO,NA,NA,NA,NA,NA,NA,NA,NA,NA,NA,NA,NA,NA,NA,NA,NA,NA,NA,NA
9,13,P2_UBI_female,P4_3xp_female,Female,2,NO,NO,NO,NA,NA,NA,NA,NA,NA,NA,NA,NA,NA,NA,NA,NA,NA,NA,NA,NA
9,14,P2_UBI_female,P4_3xp_female,Female,2,NO,NO,NO,NA,NO,NO,NO,NO,NO,NO,NO,NO,FEMALE,NO,NA,NA,NA,NA,NA,NA
9,15,P2_UBI_female,P4_3xp_female,Female,2,NO,NO,NA,NA,NA,NA,NA,NA,NA,NA,NA,NA,NA,NA,NA,NA,NA,NA,NA,NA
9,16,P2_UBI_female,P4_3xp_female,Female,2,NO,NO,NO,NA,NO,NO,NO,NO,NO,NO,NO,NA,NA,NA,NA,NA,NA,NA,NA,NA
9,17,P2_UBI_female,P4_3xp_female,Female,2,NO,NO,NO,NA,NO,NO,NA,NA,NA,NA,NA,NA,NA,NA,NA,NA,NA,NA,NA,NA
10,12,P4_3xp_female,P2_UBI_female,Female,2,NO,NO,NO,NA,NO,NA,NA,NA,NA,NA,NA,NA,NA,NA,NA,NA,NA,NA,NA,NA
10,13,P4_3xp_female,P2_UBI_female,Female,2,NO,NO,NO,NA,NO,NA,NA,NA,NA,NA,NA,NA,NA,NA,NA,NA,NA,NA,NA,NA
10,14,P4_3xp_female,P2_UBI_female,Female,2,NO,NO,NO,NA,NO,NO,NA,NA,NA,NA,NA,NA,NA,NA,NA,NA,NA,NA,NA,NA
10,15,P4_3xp_female,P2_UBI_female,Female,2,NO,NO,NO,NA,NO,NO,NO,NO,NA,NA,NA,NA,NA,NA,NA,NA,NA,NA,NA,NA
10,16,P4_3xp_female,P2_UBI_female,Female,2,NO,NO,NO,NA,NA,NA,NA,NA,NA,NA,NA,NA,NA,NA,NA,NA,NA,NA,NA,NA
10,18,P4_3xp_female,P2_UBI_female,Female,2,NO,NO,NO,NA,NA,NA,NA,NA,NA,NA,NA,NA,NA,NA,NA,NA,NA,NA,NA,NA
10,19,P4_3xp_female,P2_UBI_female,Female,2,NO,NO,NO,NA,NO,NO,NO,NO,NO,NO,NO,NO,NO,NO,NO,NO,NO,NO,NO,NO
11,16,P3_3xp_female,P4_3xp_female,Female,2,NO,NA,NA,NA,NA,NA,NA,NA,NA,NA,NA,NA,NA,NA,NA,NA,NA,NA,NA,NA
11,17,P3_3xp_female,P4_3xp_female,Female,2,NO,NO,FEMALE,NA,NA,NA,NA,NA,NA,NA,NA,NA,NA,NA,NA,NA,NA,NA,NA,NA
11,22,P3_3xp_female,P4_3xp_female,Female,2,NO,NO,NO,NA,NO,NO,NO,NO,FEMALE,NA,NA,NA,NA,NA,NA,NA,NA,NA,NA,NA
12,11,P4_3xp_female,P3_3xp_female,Female,2,NO,NO,NO,NA,NO,NO,NO,NO,NO,NO,FEMALE,NA,NA,NA,NA,NA,NA,NA,NA,NA
12,12,P4_3xp_female,P3_3xp_female,Female,2,NO,NO,NO,NA,NO,NO,NA,NA,NA,NA,NA,NA,NA,NA,NA,NA,NA,NA,NA,NA
12,13,P4_3xp_female,P3_3xp_female,Female,2,NO,NO,NO,NA,NO,NO,NO,NO,NO,NA,NA,NA,NA,NA,NA,NA,NA,NA,NA,NA
12,14,P4_3xp_female,P3_3xp_female,Female,2,NO,NO,NO,NA,FEMALE,NO,NO,NO,NO,NO,NO,NO,NO,NO,NO,NO,NO,NA,NA,NA
12,18,P4_3xp_female,P3_3xp_female,Female,2,NO,NO,NO,NA,NO,NO,NO,NO,NO,NO,NO,NO,MALE,NA,NA,NA,NA,NA,NA,NA
12,19,P4_3xp_female,P3_3xp_female,Female,2,NO,NO,NO,NA,NA,NA,NA,NA,NA,NA,NA,NA,NA,NA,NA,NA,NA,NA,NA,NA
13,11,P1_3xp_male,P2_3xp_male,Male,2,NO,NO,NO,NA,NO,NO,NO,NA,NA,NA,NA,NA,NA,NA,NA,NA,NA,NA,NA,NA
13,13,P1_3xp_male,P2_3xp_male,Male,2,NO,NO,NO,NA,MALE,NO,NO,FEMALE,FEMALE,NO,NA,NA,NA,NA,NA,NA,NA,NA,NA,NA
13,15,P1_3xp_male,P2_3xp_male,Male,2,NO,NO,NO,NA,NO,NO,NO,NO,NO,NO,NO,NO,NO,NO,FEMALE,NO,NO,MALE,NA,NA
13,16,P1_3xp_male,P2_3xp_male,Male,2,NO,NO,NO,NA,NO,NO,NO,NO,NO,NO,NO,NO,NO,NO,NO,NO,NO,NO,NO,NO
13,18,P1_3xp_male,P2_3xp_male,Male,2,NO,NO,NO,NA,NO,NO,NO,MALE,NA,NA,NA,NA,NA,NA,NA,NA,NA,NA,NA,NA
13,21,P1_3xp_male,P2_3xp_male,Male,2,NO,NO,NO,NA,NO,NO,NO,NO,NO,NO,NO,NO,NO,NO,NO,NO,NO,NO,NO,NO
13,22,P1_3xp_male,P2_3xp_male,Male,2,NO,NO,NO,NA,NO,NO,NO,NO,NO,NO,NO,NO,NO,NO,NO,NO,NO,NO,NO,NO
14,12,P2_3xp_male,P1_3xp_male,Male,2,NO,NO,NO,NA,NO,NO,NA,NA,NA,NA,NA,NA,NA,NA,NA,NA,NA,NA,NA,NA
14,13,P2_3xp_male,P1_3xp_male,Male,2,NO,NO,NO,NA,NO,NO,NO,NO,NO,NO,FEMALE,NA,NA,NA,NA,NA,NA,NA,NA,NA
14,14,P2_3xp_male,P1_3xp_male,Male,2,NO,NO,NO,NA,NO,NO,NO,NO,NO,NO,NA,NA,NA,NA,NA,NA,NA,NA,NA,NA
14,18,P2_3xp_male,P1_3xp_male,Male,2,NO,NO,NO,NA,NO,NO,NO,NO,NO,NO,NO,NO,NO,FEMALE,NA,NA,NA,NA,NA,NA
14,19,P2_3xp_male,P1_3xp_male,Male,2,NO,NO,NO,NA,NO,NO,NO,NA,NA,NA,NA,NA,NA,NA,NA,NA,NA,NA,NA,NA
14,20,P2_3xp_male,P1_3xp_male,Male,2,NO,NO,NO,NA,NO,NO,NO,NO,NO,NO,NO,NO,NO,NO,NO,NO,NO,NO,NO,NO
14,21,P2_3xp_male,P1_3xp_male,Male,2,NO,NO,NA,NA,NA,NA,NA,NA,NA,NA,NA,NA,NA,NA,NA,NA,NA,NA,NA,NA
15,11,P1_3xp_male,P3_UBI_male,Male,2,NO,NO,NO,NA,NO,NO,NO,NO,NO,NA,NA,NA,NA,NA,NA,NA,NA,NA,NA,NA
15,12,P1_3xp_male,P3_UBI_male,Male,2,NO,NO,NO,NA,NA,NA,NA,NA,NA,NA,NA,NA,NA,NA,NA,NA,NA,NA,NA,NA
15,13,P1_3xp_male,P3_UBI_male,Male,2,NO,NO,NO,NA,NO,NO,NA,NA,NA,NA,NA,NA,NA,NA,NA,NA,NA,NA,NA,NA
15,15,P1_3xp_male,P3_UBI_male,Male,2,NO,NO,NO,NA,NA,NA,NA,NA,NA,NA,NA,NA,NA,NA,NA,NA,NA,NA,NA,NA
15,16,P1_3xp_male,P3_UBI_male,Male,2,NO,NO,NA,NA,NA,NA,NA,NA,NA,NA,NA,NA,NA,NA,NA,NA,NA,NA,NA,NA
15,17,P1_3xp_male,P3_UBI_male,Male,2,NO,NO,NO,NA,NO,NO,FEMALE,NA,NA,NA,NA,NA,NA,NA,NA,NA,NA,NA,NA,NA
15,19,P1_3xp_male,P3_UBI_male,Male,2,NO,NO,NO,NA,NO,NO,NO,NA,NA,NA,NA,NA,NA,NA,NA,NA,NA,NA,NA,NA
16,13,P3_UBI_male,P1_3xp_male,Male,2,NO,NO,NO,NA,NO,NO,FEMALE,NA,NA,NA,NA,NA,NA,NA,NA,NA,NA,NA,NA,NA
16,14,P3_UBI_male,P1_3xp_male,Male,2,NO,NO,NO,NA,NO,NO,NO,FEMALE,NA,NA,NA,NA,NA,NA,NA,NA,NA,NA,NA,NA
16,17,P3_UBI_male,P1_3xp_male,Male,2,NO,NO,NO,NA,NO,NO,NO,NO,NO,NO,NO,NO,NO,NA,NA,NA,NA,NA,NA,NA
16,18,P3_UBI_male,P1_3xp_male,Male,2,NO,NO,NO,NA,NO,NO,FEMALE,NA,NA,NA,NA,NA,NA,NA,NA,NA,NA,NA,NA,NA
16,19,P3_UBI_male,P1_3xp_male,Male,2,NO,NO,NO,NA,NO,NO,NO,NO,NA,NA,NA,NA,NA,NA,NA,NA,NA,NA,NA,NA
16,20,P3_UBI_male,P1_3xp_male,Male,2,NO,NO,NO,NA,NO,NO,NO,NO,NO,NO,NO,NO,NO,NO,NO,NO,NO,FEMALE,NA,NA
16,22,P3_UBI_male,P1_3xp_male,Male,2,NO,NO,NO,NA,NO,NO,NO,NO,NO,NO,NO,NO,NO,FEMALE,NO,NA,NA,NA,NA,NA
17,11,P1_3xp_male,P4_UBI_male,Male,2,NO,NO,NO,NA,NO,NO,NO,NO,NO,NO,NO,NO,NA,NA,NA,NA,NA,NA,NA,NA
17,13,P1_3xp_male,P4_UBI_male,Male,2,NO,NO,NO,NA,NA,NA,NA,NA,NA,NA,NA,NA,NA,NA,NA,NA,NA,NA,NA,NA
17,15,P1_3xp_male,P4_UBI_male,Male,2,NO,NO,FEMALE,NA,NO,NO,NO,NO,NO,NO,NO,NA,NA,NA,NA,NA,NA,NA,NA,NA
17,16,P1_3xp_male,P4_UBI_male,Male,2,NO,NO,NO,NA,NO,NO,NO,NO,NA,NA,NA,NA,NA,NA,NA,NA,NA,NA,NA,NA
17,17,P1_3xp_male,P4_UBI_male,Male,2,NO,NO,NO,NA,NO,NO,NO,NO,NO,NO,NO,NO,NO,NO,NO,NO,FEMALE,NA,NA,NA
17,19,P1_3xp_male,P4_UBI_male,Male,2,NO,NO,NO,NA,NO,NO,NO,NO,NO,NO,NA,NA,NA,NA,NA,NA,NA,NA,NA,NA
17,21,P1_3xp_male,P4_UBI_male,Male,2,NO,NO,NO,NA,NA,NA,NA,NA,NA,NA,NA,NA,NA,NA,NA,NA,NA,NA,NA,NA
18,11,P4_UBI_male,P1_3xp_male,Male,2,NO,NO,NO,NA,NO,NO,NO,NO,NO,NO,NO,NO,NO,NO,NA,NA,NA,NA,NA,NA
18,12,P4_UBI_male,P1_3xp_male,Male,2,FEMALE,NO,NA,NA,NA,NA,NA,NA,NA,NA,NA,NA,NA,NA,NA,NA,NA,NA,NA,NA
18,13,P4_UBI_male,P1_3xp_male,Male,2,NO,NO,NO,NA,NA,NA,NA,NA,NA,NA,NA,NA,NA,NA,NA,NA,NA,NA,NA,NA
18,15,P4_UBI_male,P1_3xp_male,Male,2,NO,NO,NO,NA,NO,NO,NO,NO,NO,NO,NO,FEMALE,NA,NA,NA,NA,NA,NA,NA,NA
18,16,P4_UBI_male,P1_3xp_male,Male,2,NO,NO,NO,NA,NO,NO,NA,NA,NA,NA,NA,NA,NA,NA,NA,NA,NA,NA,NA,NA
18,18,P4_UBI_male,P1_3xp_male,Male,2,NO,NO,FEMALE,NA,NO,NA,NA,NA,NA,NA,NA,NA,NA,NA,NA,NA,NA,NA,NA,NA
18,19,P4_UBI_male,P1_3xp_male,Male,2,NO,NO,NO,NA,NO,NO,NO,NO,NO,NA,NA,NA,NA,NA,NA,NA,NA,NA,NA,NA
19,11,P2_3xp_male,P3_UBI_male,Male,2,NO,NO,NA,NA,NA,NA,NA,NA,NA,NA,NA,NA,NA,NA,NA,NA,NA,NA,NA,NA
19,12,P2_3xp_male,P3_UBI_male,Male,2,NO,NA,NA,NA,NA,NA,NA,NA,NA,NA,NA,NA,NA,NA,NA,NA,NA,NA,NA,NA
19,16,P2_3xp_male,P3_UBI_male,Male,2,NO,NO,NO,NA,NO,NO,NO,NO,NO,NO,NO,NO,NO,NO,NO,NO,NO,NO,NO,NO
19,17,P2_3xp_male,P3_UBI_male,Male,2,NO,NO,NO,NA,NO,NO,NO,NO,NO,NA,NA,NA,NA,NA,NA,NA,NA,NA,NA,NA
19,18,P2_3xp_male,P3_UBI_male,Male,2,NO,NO,NO,NA,NO,NO,FEMALE,NO,NO,FEMALE,NO,NO,NO,NO,NO,NO,NO,NA,NA,NA
19,19,P2_3xp_male,P3_UBI_male,Male,2,NO,NO,NO,NA,NA,NA,NA,NA,NA,NA,NA,NA,NA,NA,NA,NA,NA,NA,NA,NA
20,13,P3_UBI_male,P2_3xp_male,Male,2,NO,NO,NO,NA,NA,NA,NA,NA,NA,NA,NA,NA,NA,NA,NA,NA,NA,NA,NA,NA
20,14,P3_UBI_male,P2_3xp_male,Male,2,NO,NO,NO,NA,NO,NO,NO,NO,NO,NO,NO,NO,NO,NO,NO,NO,NA,NA,NA,NA
20,15,P3_UBI_male,P2_3xp_male,Male,2,NO,NO,NO,NA,NA,NA,NA,NA,NA,NA,NA,NA,NA,NA,NA,NA,NA,NA,NA,NA
20,16,P3_UBI_male,P2_3xp_male,Male,2,NO,NO,NO,NA,NO,NA,NA,NA,NA,NA,NA,NA,NA,NA,NA,NA,NA,NA,NA,NA
20,17,P3_UBI_male,P2_3xp_male,Male,2,NO,NA,NA,NA,NA,NA,NA,NA,NA,NA,NA,NA,NA,NA,NA,NA,NA,NA,NA,NA
20,18,P3_UBI_male,P2_3xp_male,Male,2,NO,NO,NO,NA,NO,NO,NO,NO,NO,FEMALE,NO,NO,NO,NA,NA,NA,NA,NA,NA,NA
20,19,P3_UBI_male,P2_3xp_male,Male,2,NO,NO,NA,NA,NA,NA,NA,NA,NA,NA,NA,NA,NA,NA,NA,NA,NA,NA,NA,NA
21,15,P2_3xp_male,P4_UBI_male,Male,2,NO,NO,NO,NA,NO,NO,NO,NO,NO,FEMALE,NA,NA,NA,NA,NA,NA,NA,NA,NA,NA
21,16,P2_3xp_male,P4_UBI_male,Male,2,NO,NO,NO,NA,NO,NO,NO,NA,NA,NA,NA,NA,NA,NA,NA,NA,NA,NA,NA,NA
21,17,P2_3xp_male,P4_UBI_male,Male,2,NO,NO,NO,NA,NA,NA,NA,NA,NA,NA,NA,NA,NA,NA,NA,NA,NA,NA,NA,NA
21,20,P2_3xp_male,P4_UBI_male,Male,2,NO,NO,NO,NA,NO,NO,NO,NO,NA,NA,NA,NA,NA,NA,NA,NA,NA,NA,NA,NA
21,21,P2_3xp_male,P4_UBI_male,Male,2,NO,NO,NO,NA,NO,NO,NO,NO,NO,NO,NO,NO,NA,NA,NA,NA,NA,NA,NA,NA
21,22,P2_3xp_male,P4_UBI_male,Male,2,NO,NO,NO,NA,NO,NO,FEMALE,NA,NA,NA,NA,NA,NA,NA,NA,NA,NA,NA,NA,NA
22,11,P4_UBI_male,P2_3xp_male,Male,2,NO,NO,NO,NA,NO,NO,NO,NO,NO,NO,FEMALE,NO,NO,NO,NO,NO,NO,NO,NO,NO
22,12,P4_UBI_male,P2_3xp_male,Male,2,NO,NO,NO,NA,NA,NA,NA,NA,NA,NA,NA,NA,NA,NA,NA,NA,NA,NA,NA,NA
22,13,P4_UBI_male,P2_3xp_male,Male,2,NO,NO,NO,NA,NO,NO,NA,NA,NA,NA,NA,NA,NA,NA,NA,NA,NA,NA,NA,NA
22,14,P4_UBI_male,P2_3xp_male,Male,2,NO,NA,NA,NA,NA,NA,NA,NA,NA,NA,NA,NA,NA,NA,NA,NA,NA,NA,NA,NA
22,15,P4_UBI_male,P2_3xp_male,Male,2,NO,NO,NO,NA,NO,NO,NO,NO,NO,NO,NO,NO,NO,FEMALE,NO,NA,NA,NA,NA,NA
22,17,P4_UBI_male,P2_3xp_male,Male,2,NO,NO,NO,NA,NO,NO,FEMALE,FEMALE,NA,NA,NA,NA,NA,NA,NA,NA,NA,NA,NA,NA
22,18,P4_UBI_male,P2_3xp_male,Male,2,NO,NO,NO,NA,NO,NO,NA,NA,NA,NA,NA,NA,NA,NA,NA,NA,NA,NA,NA,NA
23,11,P3_UBI_male,P4_UBI_male,Male,2,NO,NO,NO,NA,NO,NO,NO,FEMALE,NA,NA,NA,NA,NA,NA,NA,NA,NA,NA,NA,NA
23,15,P3_UBI_male,P4_UBI_male,Male,2,NO,NO,NO,NA,NO,NO,NO,NO,NO,NO,NO,NO,NO,NO,NO,NO,NO,NA,NA,NA
23,17,P3_UBI_male,P4_UBI_male,Male,2,NO,NO,NA,NA,NA,NA,NA,NA,NA,NA,NA,NA,NA,NA,NA,NA,NA,NA,NA,NA
23,18,P3_UBI_male,P4_UBI_male,Male,2,NO,NO,NO,NA,FEMALE,NA,NA,NA,NA,NA,NA,NA,NA,NA,NA,NA,NA,NA,NA,NA
23,20,P3_UBI_male,P4_UBI_male,Male,2,NO,NO,NA,NA,NA,NA,NA,NA,NA,NA,NA,NA,NA,NA,NA,NA,NA,NA,NA,NA
23,22,P3_UBI_male,P4_UBI_male,Male,2,NO,NO,NO,NA,FEMALE,NO,FEMALE,NA,NA,NA,NA,NA,NA,NA,NA,NA,NA,NA,NA,NA
24,11,P4_UBI_male,P3_UBI_male,Male,2,NO,NO,NO,NA,NO,NO,NO,FEMALE,NA,NA,NA,NA,NA,NA,NA,NA,NA,NA,NA,NA
24,12,P4_UBI_male,P3_UBI_male,Male,2,NO,NO,NO,NA,NO,NO,NO,FEMALE,NO,NO,NA,NA,NA,NA,NA,NA,NA,NA,NA,NA
24,13,P4_UBI_male,P3_UBI_male,Male,2,NO,NO,NO,NA,NO,NO,NO,FEMALE,NO,NO,NA,NA,NA,NA,NA,NA,NA,NA,NA,NA
24,15,P4_UBI_male,P3_UBI_male,Male,2,NO,NO,NO,NA,NO,NA,NA,NA,NA,NA,NA,NA,NA,NA,NA,NA,NA,NA,NA,NA
24,16,P4_UBI_male,P3_UBI_male,Male,2,NO,NO,FEMALE,NA,NA,NA,NA,NA,NA,NA,NA,NA,NA,NA,NA,NA,NA,NA,NA,NA
24,18,P4_UBI_male,P3_UBI_male,Male,2,NO,NO,NO,NA,NO,NA,NA,NA,NA,NA,NA,NA,NA,NA,NA,NA,NA,NA,NA,NA
24,19,P4_UBI_male,P3_UBI_male,Male,2,NO,NO,NO,NA,NA,NA,NA,NA,NA,NA,NA,NA,NA,NA,NA,NA,NA,NA,NA,NA
25,11,P5,P6,Control,2,NO,NO,NA,NA,NA,NA,NA,NA,NA,NA,NA,NA,NA,NA,NA,NA,NA,NA,NA,NA
25,12,P5,P6,Control,2,NO,NO,NO,NA,NA,NA,NA,NA,NA,NA,NA,NA,NA,NA,NA,NA,NA,NA,NA,NA
25,14,P5,P6,Control,2,NO,NO,NA,NA,NA,NA,NA,NA,NA,NA,NA,NA,NA,NA,NA,NA,NA,NA,NA,NA
25,15,P5,P6,Control,2,NO,NO,NO,NA,NO,NO,NO,NO,NA,NA,NA,NA,NA,NA,NA,NA,NA,NA,NA,NA
25,16,P5,P6,Control,2,NO,FEMALE,NO,NA,NA,NA,NA,NA,NA,NA,NA,NA,NA,NA,NA,NA,NA,NA,NA,NA
25,18,P5,P6,Control,2,NO,NO,NO,NA,NA,NA,NA,NA,NA,NA,NA,NA,NA,NA,NA,NA,NA,NA,NA,NA
25,20,P5,P6,Control,2,NO,NO,NA,NA,NA,NA,NA,NA,NA,NA,NA,NA,NA,NA,NA,NA,NA,NA,NA,NA
26,14,P6,P5,Control,2,NO,NO,NO,NA,NA,NA,NA,NA,NA,NA,NA,NA,NA,NA,NA,NA,NA,NA,NA,NA
26,15,P6,P5,Control,2,NO,NO,NO,NA,FEMALE,NA,NA,NA,NA,NA,NA,NA,NA,NA,NA,NA,NA,NA,NA,NA
26,16,P6,P5,Control,2,NO,NO,NO,NA,NO,NA,NA,NA,NA,NA,NA,NA,NA,NA,NA,NA,NA,NA,NA,NA
26,19,P6,P5,Control,2,NO,NO,NA,NA,NA,NA,NA,NA,NA,NA,NA,NA,NA,NA,NA,NA,NA,NA,NA,NA
26,20,P6,P5,Control,2,NO,NO,NO,NA,NO,NO,NO,NO,NA,NA,NA,NA,NA,NA,NA,NA,NA,NA,NA,NA
26,21,P6,P5,Control,2,NO,NO,NO,NA,NO,NO,NO,NO,NO,FEMALE,NA,NA,NA,NA,NA,NA,NA,NA,NA,NA
26,22,P6,P5,Control,2,FEMALE,NO,NO,NA,NO,NO,NO,NO,NO,NO,NO,NO,NO,FEMALE,NA,NA,NA,NA,NA,NA
27,11,P5,P7,Control,2,NO,NO,NO,NA,NO,NO,NA,NA,NA,NA,NA,NA,NA,NA,NA,NA,NA,NA,NA,NA
27,13,P5,P7,Control,2,NO,NO,NA,NA,NA,NA,NA,NA,NA,NA,NA,NA,NA,NA,NA,NA,NA,NA,NA,NA
27,14,P5,P7,Control,2,NO,NO,NO,NA,NA,NA,NA,NA,NA,NA,NA,NA,NA,NA,NA,NA,NA,NA,NA,NA
27,15,P5,P7,Control,2,NO,NO,NO,NA,NO,NO,NO,NO,NO,FEMALE,NO,NO,NO,NO,NO,NO,NO,NO,NO,FEMALE
27,16,P5,P7,Control,2,NO,NO,NO,NA,NO,NO,NO,NO,NO,NO,NO,NO,NO,NO,NO,NO,NO,NO,NA,NA
27,17,P5,P7,Control,2,NO,NO,FEMALE,NA,NA,NA,NA,NA,NA,NA,NA,NA,NA,NA,NA,NA,NA,NA,NA,NA
27,19,P5,P7,Control,2,NO,NO,NO,NA,NA,NA,NA,NA,NA,NA,NA,NA,NA,NA,NA,NA,NA,NA,NA,NA
28,12,P7,P5,Control,2,NO,NO,NO,NA,NA,NA,NA,NA,NA,NA,NA,NA,NA,NA,NA,NA,NA,NA,NA,NA
28,14,P7,P5,Control,2,NO,NO,NO,NA,NO,NO,NA,NA,NA,NA,NA,NA,NA,NA,NA,NA,NA,NA,NA,NA
28,16,P7,P5,Control,2,NO,NO,NA,NA,NA,NA,NA,NA,NA,NA,NA,NA,NA,NA,NA,NA,NA,NA,NA,NA
28,17,P7,P5,Control,2,NO,NA,NA,NA,NA,NA,NA,NA,NA,NA,NA,NA,NA,NA,NA,NA,NA,NA,NA,NA
28,18,P7,P5,Control,2,NO,NO,NO,NA,NA,NA,NA,NA,NA,NA,NA,NA,NA,NA,NA,NA,NA,NA,NA,NA
28,19,P7,P5,Control,2,NO,NO,NO,NA,NO,NO,NA,NA,NA,NA,NA,NA,NA,NA,NA,NA,NA,NA,NA,NA
29,12,P5,P8,Control,2,NO,NO,NO,NA,NO,NO,NO,NO,NO,NO,NO,NO,NO,NO,NO,NO,FEMALE,FEMALE,FEMALE,NA
29,13,P5,P8,Control,2,NO,NO,NO,NA,NO,NA,NA,NA,NA,NA,NA,NA,NA,NA,NA,NA,NA,NA,NA,NA
29,14,P5,P8,Control,2,NO,NO,NO,NA,FEMALE,NO,NO,NO,NO,NO,FEMALE,NO,MALE,NO,NA,NA,NA,NA,NA,NA
29,15,P5,P8,Control,2,NO,NO,FEMALE,NA,NO,NO,NA,NA,NA,NA,NA,NA,NA,NA,NA,NA,NA,NA,NA,NA
29,16,P5,P8,Control,2,NO,NO,NO,NA,NO,NA,NA,NA,NA,NA,NA,NA,NA,NA,NA,NA,NA,NA,NA,NA
29,17,P5,P8,Control,2,NO,NO,NO,NA,NO,NO,NO,NO,NO,NO,NO,NO,NO,NO,NO,NO,NO,NO,FEMALE,NA
29,18,P5,P8,Control,2,NO,NO,NO,NA,NA,NA,NA,NA,NA,NA,NA,NA,NA,NA,NA,NA,NA,NA,NA,NA
30,11,P8,P5,Control,2,NO,NO,NO,NA,NA,NA,NA,NA,NA,NA,NA,NA,NA,NA,NA,NA,NA,NA,NA,NA
30,12,P8,P5,Control,2,NO,NA,NA,NA,NA,NA,NA,NA,NA,NA,NA,NA,NA,NA,NA,NA,NA,NA,NA,NA
30,17,P8,P5,Control,2,NO,NO,NO,NA,NA,NA,NA,NA,NA,NA,NA,NA,NA,NA,NA,NA,NA,NA,NA,NA
30,18,P8,P5,Control,2,NO,NO,NA,NA,NA,NA,NA,NA,NA,NA,NA,NA,NA,NA,NA,NA,NA,NA,NA,NA
30,22,P8,P5,Control,2,NO,NO,NO,NA,NA,NA,NA,NA,NA,NA,NA,NA,NA,NA,NA,NA,NA,NA,NA,NA
31,12,P6,P7,Control,2,NO,NO,NA,NA,NA,NA,NA,NA,NA,NA,NA,NA,NA,NA,NA,NA,NA,NA,NA,NA
31,13,P6,P7,Control,2,NO,NO,NO,NA,NO,NA,NA,NA,NA,NA,NA,NA,NA,NA,NA,NA,NA,NA,NA,NA
31,15,P6,P7,Control,2,NO,NO,NO,NA,NO,NA,NA,NA,NA,NA,NA,NA,NA,NA,NA,NA,NA,NA,NA,NA
31,18,P6,P7,Control,2,NO,NO,NO,NA,FEMALE,NA,NA,NA,NA,NA,NA,NA,NA,NA,NA,NA,NA,NA,NA,NA
31,20,P6,P7,Control,2,NO,NO,NO,NA,NO,NO,NO,NO,NO,NA,NA,NA,NA,NA,NA,NA,NA,NA,NA,NA
31,21,P6,P7,Control,2,NO,NO,NO,NA,NO,NO,NO,NA,NA,NA,NA,NA,NA,NA,NA,NA,NA,NA,NA,NA
31,22,P6,P7,Control,2,NO,NO,NO,NA,NO,NO,NO,NO,NA,NA,NA,NA,NA,NA,NA,NA,NA,NA,NA,NA
32,12,P7,P6,Control,2,NO,NO,NO,NA,NO,NO,NO,NO,MALE,NO,NO,NO,NO,NO,NO,NA,NA,NA,NA,NA
32,13,P7,P6,Control,2,NO,NO,NO,NA,NO,NO,NO,NO,NO,NO,NO,NO,NO,NO,FEMALE,NO,FEMALE,NO,FEMALE,NO
32,14,P7,P6,Control,2,NO,NO,NO,NA,NO,NA,NA,NA,NA,NA,NA,NA,NA,NA,NA,NA,NA,NA,NA,NA
32,15,P7,P6,Control,2,NO,NO,NO,NA,FEMALE,NA,NA,NA,NA,NA,NA,NA,NA,NA,NA,NA,NA,NA,NA,NA
32,16,P7,P6,Control,2,NO,NO,NO,NA,NO,NO,NO,FEMALE,NO,NA,NA,NA,NA,NA,NA,NA,NA,NA,NA,NA
32,17,P7,P6,Control,2,NO,NO,NO,NA,NO,NO,NO,NO,NA,NA,NA,NA,NA,NA,NA,NA,NA,NA,NA,NA
32,18,P7,P6,Control,2,NO,NO,NO,NA,NO,NO,NO,NA,NA,NA,NA,NA,NA,NA,NA,NA,NA,NA,NA,NA
33,11,P6,P8,Control,2,NO,NO,NO,NA,FEMALE,NO,NO,NA,NA,NA,NA,NA,NA,NA,NA,NA,NA,NA,NA,NA
33,12,P6,P8,Control,2,NO,NO,NO,NA,NO,NO,NO,NO,NO,NA,NA,NA,NA,NA,NA,NA,NA,NA,NA,NA
33,16,P6,P8,Control,2,NO,NO,NO,NA,NO,NO,NO,NO,NO,NO,MALE,NO,NO,NA,NA,NA,NA,NA,NA,NA
33,17,P6,P8,Control,2,NO,NO,NO,NA,NO,NO,NO,NA,NA,NA,NA,NA,NA,NA,NA,NA,NA,NA,NA,NA
33,18,P6,P8,Control,2,NO,NO,FEMALE,NA,MALE,NO,NO,NO,FEMALE,NO,NA,NA,NA,NA,NA,NA,NA,NA,NA,NA
33,20,P6,P8,Control,2,NO,NO,NA,NA,NA,NA,NA,NA,NA,NA,NA,NA,NA,NA,NA,NA,NA,NA,NA,NA
33,22,P6,P8,Control,2,NO,NO,NO,NA,NO,NO,NO,NA,NA,NA,NA,NA,NA,NA,NA,NA,NA,NA,NA,NA
34,11,P8,P6,Control,2,NO,NO,NO,NA,NO,NO,NO,NO,NO,NO,NO,NO,NO,NO,NA,NA,NA,NA,NA,NA
34,13,P8,P6,Control,2,NO,NO,NO,NA,NO,NO,FEMALE,NO,NO,NO,NA,NA,NA,NA,NA,NA,NA,NA,NA,NA
34,16,P8,P6,Control,2,MALE,NO,NO,NA,NO,NO,NA,NA,NA,NA,NA,NA,NA,NA,NA,NA,NA,NA,NA,NA
34,18,P8,P6,Control,2,NO,NO,NO,NA,NO,NO,NO,NO,NO,NO,FEMALE,NA,NA,NA,NA,NA,NA,NA,NA,NA
34,19,P8,P6,Control,2,NO,NO,NO,NA,NO,NO,NO,NO,NO,NO,FEMALE,NA,NA,NA,NA,NA,NA,NA,NA,NA
34,21,P8,P6,Control,2,NO,NO,NO,NA,NO,NA,NA,NA,NA,NA,NA,NA,NA,NA,NA,NA,NA,NA,NA,NA
34,22,P8,P6,Control,2,NO,NO,NO,NA,NO,NO,NO,NA,NA,NA,NA,NA,NA,NA,NA,NA,NA,NA,NA,NA
35,12,P7,P8,Control,2,NO,NO,NO,NA,NO,NO,NO,NO,NO,NO,NO,NO,NA,NA,NA,NA,NA,NA,NA,NA
35,13,P7,P8,Control,2,NO,NO,NO,NA,NO,NO,NO,NO,FEMALE,NA,NA,NA,NA,NA,NA,NA,NA,NA,NA,NA
35,14,P7,P8,Control,2,NO,NO,NO,NA,NO,NO,NO,NO,NO,NO,NO,NA,NA,NA,NA,NA,NA,NA,NA,NA
35,15,P7,P8,Control,2,NO,NO,NO,NA,NO,NO,NO,NO,NO,NO,NO,NA,NA,NA,NA,NA,NA,NA,NA,NA
35,16,P7,P8,Control,2,NO,NO,NO,NA,MALE,NA,NA,NA,NA,NA,NA,NA,NA,NA,NA,NA,NA,NA,NA,NA
35,17,P7,P8,Control,2,NO,NO,NO,NA,NO,NO,NO,NO,NA,NA,NA,NA,NA,NA,NA,NA,NA,NA,NA,NA
35,19,P7,P8,Control,2,NO,NA,NA,NA,NA,NA,NA,NA,NA,NA,NA,NA,NA,NA,NA,NA,NA,NA,NA,NA
36,11,P8,P7,Control,2,NO,NO,NO,NA,NO,NO,NA,NA,NA,NA,NA,NA,NA,NA,NA,NA,NA,NA,NA,NA
36,12,P8,P7,Control,2,NO,NO,NA,NA,NA,NA,NA,NA,NA,NA,NA,NA,NA,NA,NA,NA,NA,NA,NA,NA
36,13,P8,P7,Control,2,NO,NA,NA,NA,NA,NA,NA,NA,NA,NA,NA,NA,NA,NA,NA,NA,NA,NA,NA,NA
36,15,P8,P7,Control,2,NO,NO,NO,NA,NO,NO,NO,NO,NO,NO,NO,NO,NO,NO,NO,NO,NO,MALE,NO,NO
36,16,P8,P7,Control,2,NO,NA,NA,NA,NA,NA,NA,NA,NA,NA,NA,NA,NA,NA,NA,NA,NA,NA,NA,NA
36,17,P8,P7,Control,2,NO,NO,NO,NA,NO,NO,NO,NO,NO,NO,NO,NO,NO,NO,NO,NO,NO,NO,FEMALE,NO